,Player,Role,Amount,Player Origin
4,Aaron Finch,Batsman,44000000,Overseas
5,Abdul Samad,All-Rounder,2000000,Indian
6,Abhijeet Tomar,Batsman,4000000,Indian
8,Abhimanyu Mithun,Bowler,3000000,Indian
9,Abhinav Manohar,Batsman,26000000,Indian
11,Abhishek Nayar,All-Rounder,10000000,Indian
13,Abhishek Sharma,All-Rounder,65000000,Indian
14,Abu Nechim,Bowler,3000000,Indian
17,Adam Milne,Bowler,19000000,Overseas
18,Adam Zampa,Bowler,3000000,Overseas
19,Aditya Garhwal,All-Rounder,2500000,Indian
23,Aditya Tare,Wicket Keeper,2000000,Indian
24,Agnivesh Ayachi,All-Rounder,2000000,Indian
25,Aiden Blizzard,Batsman,3000000,Overseas
26,Aiden Markram,Batsman,26000000,Overseas
27,Ajantha Mendis,Bowler,54375000,Overseas
29,Ajinkya Rahane,Batsman,10000000,Indian
30,Akash Deep,Bowler,2000000,Indian
32,Akash Singh,Bowler,2000000,Indian
33,Akhil Herwadkar,All-Rounder,1000000,Indian
34,Akila Dananjaya,All-Rounder,1500000,Overseas
35,Akila Dananjaya,Bowler,5000000,Overseas
36,Axar Patel,All-Rounder,7500000,Indian
37,Akshay Karnewar,All-Rounder,1000000,Indian
38,Akshay Wakhare,Bowler,1000000,Indian
42,Akshdeep Nath,All-Rounder,36000000,Indian
44,Albie Morkel,All-Rounder,3000000,Overseas
45,Alex Carey,Wicket Keeper,24000000,Overseas
46,Alex Hales,Batsman,15000000,Overseas
47,Alzarri Joseph,Bowler,24000000,Overseas
48,Amaan Khan,All-Rounder,2000000,Indian
50,Ambati Rayudu,Wicket Keeper,67500000,Indian
55,Amit Mishra,Bowler,40000000,Indian
56,Amit Paunikar,Wicket Keeper,2000000,Indian
57,Andre Russell,All-Rounder,6000000,Overseas
61,Andrew Tye,Bowler,10000000,Overseas
62,Aneeshwar Gautam,All-Rounder,2000000,Indian
64,Angelo Mathews,All-Rounder,20000000,Overseas
66,Aniket Choudhary,Bowler,3000000,Indian
68,Aniruddha Joshi,All-Rounder,2000000,Indian
69,Ankit Bawne,Batsman,1000000,Indian
70,Ankit Sharma,Bowler,1000000,Indian
72,Ankit Sharma,All-Rounder,2000000,Indian
75,Ankit Rajpoot,Bowler,5000000,Indian
79,Ankush Bains,Wicket Keeper,2000000,Indian
81,Anmolpreet Singh,Batsman,2000000,Indian
82,Anrich Nortje,Bowler,2000000,Overseas
83,Ansh Patel,All-Rounder,2000000,Indian
85,Anuj Rawat,Wicket Keeper,34000000,Indian
87,Anukul Roy,All-Rounder,2000000,Indian
88,Anunay Singh,All-Rounder,2000000,Indian
90,Anureet Singh,Bowler,3000000,Indian
92,Apoorv Wankhade,Batsman,2000000,Indian
94,Arjun Tendulkar,All-Rounder,3000000,Indian
95,Armaan Jaffer,Batsman,1000000,Indian
96,Arshdeep Singh,Bowler,2000000,Indian
97,Aryaman Birla,All-Rounder,3000000,Indian
98,Aryan Juyal,Wicket Keeper,2000000,Indian
99,Asela Gunaratne,Batsman,3000000,Overseas
101,Ashish Nehra,Bowler,55000000,Indian
102,Ashish Reddy,Bowler,2000000,Indian
104,Ashok Dinda,Bowler,5000000,Indian
105,Ashok Sharma,Bowler,5500000,Indian
106,Ashton Turner,All-Rounder,5000000,Indian
107,Ashwin Hebbar,Batsman,2000000,Indian
108,KM Asif,Bowler,4000000,Indian
109,Atharva Taide,All-Rounder,2000000,Indian
111,Avesh Khan,Bowler,100000000,Indian
112,Axar Patel,All-Rounder,50000000,Indian
113,Ayush Badoni,All-Rounder,2000000,Indian
114,Sai Sudharsan,All-Rounder,2000000,Indian
116,Baba Aparajith,All-Rounder,1000000,Indian
117,Baba Indrajith,Wicket Keeper,2000000,Indian
118,Baltej Singh,Bowler,2000000,Indian
119,Bandaru Ayyappa,Bowler,2000000,Indian
120,Barinder Sran,Bowler,1000000,Indian
123,Barinder Sran,Bowler,34000000,Indian
126,Basil Thampi,Bowler,3000000,Indian
130,Ben Cutting,All-Rounder,7500000,Overseas
131,Ben Dunk,Wicket Keeper,2000000,Overseas
132,Ben Dwarshuis,Bowler,14000000,Overseas
133,Ben Hilfenhaus,Bowler,10000000,Overseas
136,Ben Laughlin,Bowler,5000000,Overseas
138,Ben Stokes,All-Rounder,125000000,Overseas
139,Benny Howell,All-Rounder,4000000,Overseas
140,Beuran Hendricks,Bowler,18000000,Overseas
141,Bhanuka Rajapaksa,Batsman,5000000,Overseas
143,Bhuvneshwar Kumar,Bowler,42000000,Indian
145,Billy Stanlake,Batsman,5000000,Overseas
146,Bipul Sharma,All-Rounder,2000000,Indian
147,Brad Hodge,Batsman,24000000,Overseas
148,Brad Hogg,Bowler,5000000,Overseas
149,Brendan Taylor,Wicket Keeper,3000000,Overseas
151,Brendon McCullum,Batsman,36000000,Overseas
152,Hari Nishaanth,Batsman,2000000,Indian
153,Hari Nishaanth,Batsman,2000000,Indian
155,CM Gautam,Wicket Keeper,2000000,Indian
156,Cameron Delport,All-Rounder,3000000,Overseas
159,Carlos Brathwaite,All-Rounder,50000000,Overseas
160,Chaitanya Bishnoi,All-Rounder,2000000,Indian
163,Chama Milind,Bowler,2500000,Indian
164,Chamika Karunaratne,All-Rounder,5000000,Overseas
166,Chetan Sakariya,Bowler,42000000,Indian
168,Cheteshwar Pujara,Batsman,5000000,Indian
169,Chirag Suri,Batsman,1000000,Indian
170,Chris Green,All-Rounder,2000000,Overseas
174,Chris Jordan,All-Rounder,36000000,Overseas
177,Chris Lynn,Batsman,20000000,Overseas
180,Chris Woakes,All-Rounder,15000000,Overseas
181,Christopher Barnwell,All-Rounder,3750000,Overseas
182,Chris Gayle,Batsman,20000000,Overseas
187,Chris Morris,All-Rounder,162500000,Overseas
188,Clint McKay,Bowler,7500000,Overseas
189,Colin de Grandhomme,All-Rounder,22000000,Overseas
190,Colin Ingram,Batsman,64000000,Overseas
192,Colin Munro,All-Rounder,19000000,Overseas
194,Corey Anderson,All-Rounder,10000000,Overseas
196,Dale Steyn,Bowler,20000000,Overseas
197,Dan Christian,All-Rounder,48000000,Overseas
200,Dan Christian,All-Rounder,15000000,Overseas
201,Daniel Sams,All-Rounder,26000000,Overseas
202,D'Arcy Short,All-Rounder,40000000,Overseas
203,Darren Bravo,Batsman,5000000,Overseas
207,Daren Sammy,All-Rounder,3000000,Overseas
209,Darshan Nalkande,All-Rounder,2000000,Indian
210,Daryl Mitchell,All-Rounder,7500000,Overseas
213,David Miller,Batsman,30000000,Overseas
215,David Warner,Batsman,62500000,Overseas
216,David Wiese,All-Rounder,28000000,Overseas
217,David Willey,All-Rounder,20000000,Overseas
218,Dawid Malan,All-Rounder,15000000,Overseas
219,Debabrata Das,Wicket Keeper,2000000,Indian
222,Deepak Chahar,Bowler,140000000,Indian
227,Deepak Hooda,All-Rounder,57500000,Indian
228,Deepak Punia,All-Rounder,1000000,Indian
230,Devdutt Padikkal,Batsman,77500000,Indian
231,Devon Conway,Batsman,10000000,Overseas
232,Dewald Brevis,Batsman,30000000,Overseas
235,Dhawal Kulkarni,Bowler,7500000,Indian
236,Dhruv Jurel,Wicket Keeper,2000000,Indian
237,Dhruv Shorey,All-Rounder,2000000,Indian
238,Digvijay Deshmukh,All-Rounder,2000000,Indian
243,Dinesh Karthik,Wicket Keeper,55000000,Indian
244,Dinesh Salunkhe,All-Rounder,1000000,Indian
245,Dirk Nannes,Bowler,45000000,Overseas
246,Dishant Yagnik,Wicket Keeper,3000000,Indian
247,Dominic Drakes,All-Rounder,11000000,Overseas
248,Domnic Muthuswami,Bowler,7500000,Overseas
249,Dushmantha Chameera,Bowler,20000000,Overseas
251,Dwaine Pretorius,All-Rounder,5000000,Overseas
253,Dwayne Bravo,All-Rounder,44000000,Overseas
255,Dwayne Smith,All-Rounder,23000000,Overseas
258,Eklavya Dwivedi,Wicket Keeper,7500000,Indian
261,Eoin Morgan,Batsman,52500000,Overseas
263,Evin Lewis,Batsman,20000000,Overseas
266,Fabian Allen,All-Rounder,7500000,Overseas
269,Faf du Plessis,Batsman,70000000,Overseas
270,Farhaan Behardien,All-Rounder,3000000,Overseas
271,Fazalhaq Farooqi,Bowler,5000000,Overseas
272,Fidel Edwards,Bowler,15750000,Overseas
273,Finn Allen,Batsman,8000000,Overseas
274,Gautam Gambhir,Batsman,28000000,Indian
275,George Bailey,Batsman,32500000,Overseas
280,Glenn Maxwell,All-Rounder,142500000,Overseas
281,Glenn Phillips,Wicket Keeper,15000000,Overseas
282,Gurinder Sandhu,Bowler,17000000,Indian
283,Gurkeerat Singh Mann,All-Rounder,5000000,Indian
302,Sridharan Sharath,Bowler,1000000,Indian
288,Hanuma Vihari,Batsman,20000000,Indian
290,Harbhajan Singh,Bowler,20000000,Indian
291,Hardik Pandya,All-Rounder,1000000,Indian
292,Hardus Viljoen,Bowler,7500000,Overseas
294,Harpreet Brar,All-Rounder,38000000,Indian
295,Harry Gurney,Bowler,7500000,Overseas
298,Harshal Patel,All-Rounder,107500000,Indian
299,Heinrich Klaasen,Wicket Keeper,5000000,Overseas
300,Himmat Singh,Batsman,6500000,Indian
301,Hrithik Shokeen,All-Rounder,2000000,Indian
303,Imran Tahir,Bowler,10000000,Overseas
305,Iqbal Abdulla,All-Rounder,1000000,Indian
308,Irfan Pathan,All-Rounder,10000000,Indian
311,Ishan Kishan,Wicket Keeper,152500000,Indian
312,Ishan Porel,Bowler,2500000,Indian
315,Ishank Jaggi,Batsman,2000000,Indian
318,Ishant Sharma,Bowler,11000000,Indian
320,Ishwar Pandey,Bowler,2000000,Indian
321,Isuru Udana,All-Rounder,5000000,Overseas
322,Jagadeesha Suchith,Bowler,3000000,Indian
324,Jacob Oram,All-Rounder,3750000,Overseas
325,Jacques Kallis,All-Rounder,55000000,Overseas
326,Jagadeesha Suchith,Bowler,2000000,Indian
330,Jalaj Saxena,All-Rounder,3000000,Indian
331,James Faulkner,All-Rounder,30000000,Overseas
336,James Neesham,All-Rounder,15000000,Overseas
337,Jaskaran Singh,Bowler,1000000,Indian
339,Jason Behrendorff,Bowler,7500000,Overseas
343,Jason Holder,All-Rounder,87500000,Overseas
347,Jason Roy,Batsman,20000000,Overseas
348,Jasprit Bumrah,Bowler,12000000,Indian
349,Jatin Saxena,All-Rounder,2000000,Indian
350,Javon Searles,All-Rounder,3000000,Indian
353,Jayant Yadav,All-Rounder,17000000,Indian
354,Jaydev Shah,All-Rounder,2000000,Indian
363,Jaydev Unadkat,Bowler,13000000,Indian
365,Jean-Paul Duminy,All-Rounder,10000000,Overseas
366,Jeevan Mendis,All-Rounder,3750000,Overseas
367,Jesse Ryder,All-Rounder,19500000,Overseas
368,Jhye Richardson,Bowler,140000000,Overseas
370,Jitesh Sharma,Wicket Keeper,2000000,Indian
371,Joe Denly,Batsman,10000000,Overseas
372,Joel Paris,Bowler,3000000,Overseas
374,Jofra Archer,All-Rounder,80000000,Overseas
375,Johan Botha,All-Rounder,33750000,Overseas
377,John Hastings,Bowler,13000000,Overseas
379,Jonny Bairstow,Wicket Keeper,67500000,Overseas
381,Jos Buttler,Wicket Keeper,44000000,Overseas
384,Josh Hazlewood,Bowler,77500000,Overseas
385,Josh Philippe,Wicket Keeper,2000000,Overseas
386,Rusty Theron,Bowler,3000000,Overseas
389,Bhagath Varma,All-Rounder,2000000,Indian
391,KC Cariappa,Bowler,3000000,Indian
393,KC Cariappa,Bowler,8000000,Indian
394,KK Jiyas,Bowler,1000000,Indian
395,KM Asif,Bowler,2000000,Indian
396,Srikar Bharat,Wicket Keeper,20000000,Indian
433,KL Rahul,Batsman,110000000,Indian
399,Kagiso Rabada,Bowler,92500000,Overseas
401,Kamlesh Nagarkoti,All-Rounder,11000000,Indian
405,Kane Richardson,Bowler,40000000,Overseas
407,Kane Williamson,Batsman,30000000,Overseas
408,Kanishk Seth,All-Rounder,2000000,Indian
409,Karn Sharma,All-Rounder,2000000,Indian
410,Karanveer Singh,All-Rounder,1000000,Indian
414,Karan Sharma,Bowler,5000000,Indian
416,Kartik Tyagi,Bowler,40000000,Indian
421,Karun Nair,Batsman,14000000,Indian
424,Kedar Jadhav,All-Rounder,20000000,Indian
425,Keemo Paul,All-Rounder,5000000,Overseas
428,Kevin Pietersen,Batsman,35000000,Overseas
429,Kevon Cooper,All-Rounder,3000000,Overseas
430,Kieron Pollard,All-Rounder,54000000,Overseas
431,Kishore Kamath,All-Rounder,14000000,Indian
435,Srikar Bharat,Wicket Keeper,2000000,Indian
387,Krishnappa Gowtham,All-Rounder,9000000,Indian
439,Krishmar Santokie,Bowler,3000000,Overseas
442,Krunal Pandya,All-Rounder,82500000,Indian
443,Kshitiz Sharma,All-Rounder,2000000,Indian
444,Kuldeep Sen,Bowler,2000000,Indian
447,Kuldeep Yadav,Bowler,20000000,Indian
449,Kuldeep Yadav,Bowler,2000000,Indian
451,Kulwant Khejroliya,Bowler,8500000,Indian
452,Kusal Perera,Wicket Keeper,1500000,Indian
454,Kyle Abbott,Bowler,21000000,Overseas
455,Kyle Jamieson,All-Rounder,150000000,Overseas
456,Kyle Mayers,All-Rounder,5000000,Overseas
457,Lakshmipathy Balaji,Bowler,18000000,Indian
459,Lalit Yadav,All-Rounder,6500000,Indian
460,Lasith Malinga,Bowler,20000000,Overseas
462,Laxmi Shukla,All-Rounder,3000000,Indian
465,Liam Livingstone,All-Rounder,115000000,Overseas
468,Lockie Ferguson,Bowler,100000000,Overseas
469,Luke Pomersbach,Batsman,22500000,Overseas
470,Lukman Hussain Meriwala,Bowler,2000000,Indian
472,Lungi Ngidi,Bowler,5000000,Overseas
473,Luvnith Sisodia,Wicket Keeper,2000000,Indian
475,Manimaran Siddharth,Bowler,2000000,Indian
479,Murugan Ashwin,Bowler,2000000,Indian
480,Harishankar Reddy,Bowler,2000000,Indian
482,Maheesh Theekshana,Bowler,7000000,Overseas
485,Mahipal Lomror,All-Rounder,9500000,Indian
486,Ajay Sharma,All-Rounder,1000000,Indian
489,Manan Vohra,Batsman,2000000,Indian
490,Mandeep Hardev Singh,All-Rounder,8000000,Indian
492,Mandeep Singh,Batsman,11000000,Indian
495,Manish Pandey,Batsman,46000000,Indian
496,Manjot Kalra,Batsman,2000000,Indian
499,Manoj Tiwary,Batsman,10000000,Indian
501,Manpreet Gony,Bowler,6000000,Indian
502,Manprit Juneja,Batsman,1000000,Indian
503,Manvinder Bisla,Wicket Keeper,6000000,Indian
504,Manzoor Dar,All-Rounder,2000000,Indian
505,Marchant de Lange,Bowler,3000000,Overseas
507,Marco Jansen,All-Rounder,42000000,Overseas
511,Marcus Stoinis,All-Rounder,48000000,Overseas
513,Mark Wood,Bowler,75000000,Overseas
515,Martin Guptill,Batsman,10000000,Overseas
517,Matt Henry,Bowler,5000000,Overseas
518,Matthew Wade,Wicket Keeper,24000000,Overseas
520,Mayank Agarwal,Batsman,10000000,Indian
521,Mayank Dagar,All-Rounder,2000000,Indian
523,Mayank Markande,Bowler,6500000,Indian
524,Mayank Yadav,Bowler,2000000,Indian
525,Michael Clarke,Batsman,30000000,Overseas
527,Michael Hussey,Batsman,15000000,Overseas
528,Sudhesan Midhun,All-Rounder,2000000,Indian
530,Milind Kumar,All-Rounder,2000000,Indian
531,Milind Tandon,All-Rounder,1000000,Indian
534,Mitchell Johnson,Bowler,20000000,Overseas
537,Mitchell Marsh,All-Rounder,65000000,Overseas
538,Mitchell McClenaghan,Bowler,3000000,Overseas
540,Mitchell Santner,All-Rounder,19000000,Overseas
542,Mitchell Starc,Bowler,94000000,Overseas
543,Mithun Manhas,All-Rounder,3000000,Indian
545,Moeen Ali,All-Rounder,70000000,Overseas
548,Mohammad Nabi,All-Rounder,10000000,Overseas
552,Mohammed Shami,Bowler,62500000,Indian
553,Mohammed Azharuddeen,Wicket Keeper,2000000,Indian
555,Mohammed Siraj,Bowler,26000000,Indian
556,Arshad Khan,All-Rounder,2000000,Indian
561,Mohit Sharma,Bowler,5000000,Indian
564,Mohsin Khan,Bowler,2000000,Indian
568,Moises Henriques,All-Rounder,42000000,Overseas
569,Monu Kumar,Bowler,2000000,Indian
570,Morne Morkel,Bowler,28000000,Overseas
572,Mujeeb Zadran,Bowler,15000000,Overseas
573,Mukesh Choudhary,Bowler,2000000,Indian
574,Munaf Patel,Bowler,3000000,Indian
575,Murali Kartik,Bowler,10000000,Indian
578,Murali Vijay,Batsman,20000000,Indian
579,Murugan Ashwin,Bowler,16000000,Indian
583,Mustafizur Rahman,Bowler,20000000,Overseas
584,Muthiah Muralidaran,Bowler,10000000,Overseas
585,Narayan Jagadeesan,Wicket Keeper,2000000,Indian
586,Narayan Jagadeesan,Wicket Keeper,2000000,Indian
587,Tilak Varma,All-Rounder,17000000,Indian
589,Naman Ojha,Wicket Keeper,14000000,Indian
596,Nathan Coulter-Nile,Bowler,20000000,Overseas
597,Nathan Ellis,Bowler,7500000,Overseas
598,Nathan McCullum,Bowler,7500000,Overseas
601,Nathu Singh,Bowler,2000000,Indian
604,Navdeep Saini,Bowler,26000000,Indian
605,Nic Maddinson,Batsman,5000000,Overseas
606,Nicholas Pooran,Wicket Keeper,107500000,Overseas
609,MD Nidheesh,Bowler,2000000,Indian
612,Nikhil Naik,Wicket Keeper,2000000,Indian
615,Nitish Rana,All-Rounder,80000000,Indian
616,Noor Ahmad,Bowler,3000000,Overseas
617,Obed McCoy,Bowler,7500000,Overseas
618,Odean Smith,All-Rounder,60000000,Overseas
620,Oshane Thomas,Bowler,5000000,Overseas
621,Pankaj Jaswal,All-Rounder,2000000,Overseas
622,Pankaj Singh,Bowler,11250000,Indian
623,Paras Dogra,Batsman,1000000,Indian
626,Pardeep Sahu,Bowler,2000000,Indian
628,Parthiv Patel,Wicket Keeper,17000000,Indian
629,Parvez Rasool,All-Rounder,9500000,Indian
630,Parvinder Awana,Bowler,6500000,Indian
633,Pat Cummins,All-Rounder,72500000,Overseas
637,Pavan Deshpande,All-Rounder,2000000,Indian
642,Pawan Negi,All-Rounder,5000000,Indian
644,Pawan Suyal,Bowler,1000000,Indian
645,Peter Handscomb,Wicket Keeper,3000000,Overseas
646,Phillip Hughes,Batsman,7500000,Overseas
650,Piyush Chawla,Bowler,24000000,Indian
653,Prabhsimran Singh,Wicket Keeper,6000000,Indian
656,Pradeep Sangwan,All-Rounder,2000000,Indian
658,Pragyan Ojha,Bowler,5000000,Indian
659,Padmanabhan Prasanth,All-Rounder,1000000,Indian
660,Prasanth Parameswaran,Bowler,3000000,Indian
661,Prashant Chopra,Wicket Keeper,2000000,Indian
662,Prashant Solanki,Bowler,12000000,Indian
663,Prasidh Krishna,Bowler,100000000,Indian
665,Pratham Singh,Batsman,2000000,Indian
667,Pratyush Singh,All-Rounder,1000000,Indian
669,Praveen Dubey,All-Rounder,1000000,Indian
671,Praveen Kumar,Bowler,35000000,Indian
672,Praveen Dubey,All-Rounder,5000000,Indian
676,Pravin Tambe,Bowler,2000000,Indian
677,Prayas Ray Barman,All-Rounder,15000000,Indian
678,Prerak Mankad,All-Rounder,2000000,Indian
679,Prince Balwant Rai,All-Rounder,2000000,Indian
680,Prithvi Raj,Bowler,2000000,Indian
681,Prithvi Shaw,Batsman,12000000,Indian
683,Priyam Garg,Batsman,2000000,Indian
687,Quinton de Kock,Wicket Keeper,67500000,Overseas
688,Ravikumar SamarthIndia,Batsman,2000000,Indian
689,Ravichandran Ashwin,All-Rounder,50000000,Indian
691,Sai Kishore,Bowler,30000000,Indian
692,Sanjay Yadav,All-Rounder,1000000,Indian
693,Rahul Tripathi,All-Rounder,1000000,Indian
694,Rahul Buddhi,Batsman,2000000,Indian
697,Rahul Chahar,Bowler,52500000,Indian
699,Rahul Sharma,Bowler,3000000,Indian
700,Rahul Shukla,Bowler,4000000,Indian
704,Rahul Tewatia,All-Rounder,90000000,Indian
707,Rahul Tripathi,Batsman,85000000,Indian
708,Raj Bawa,All-Rounder,20000000,Indian
709,Rajagopal Sathish,All-Rounder,2000000,Indian
711,Rajat Bhatia,All-Rounder,6000000,Indian
712,Rajat Patidar,Batsman,2000000,Indian
713,Rajvardhan Hangargekar,All-Rounder,15000000,Indian
714,Ramandeep Singh,All-Rounder,2000000,Indian
715,Ramesh Kumar,Batsman,2000000,Indian
717,Vinay Kumar,Bowler,10000000,Indian
719,Rashid Khan,Bowler,90000000,Overseas
721,Rasikh Salam,Bowler,2000000,Indian
722,Rassie van der Dussen,Batsman,10000000,Overseas
723,Ravi Bishnoi,Bowler,20000000,Indian
724,Ravi Bopara,All-Rounder,10000000,Indian
726,Ravi Rampaul,Bowler,9000000,Overseas
727,Ravichandran Ashwin,All-Rounder,76000000,Overseas
729,Ricky Bhui,Batsman,2000000,Overseas
730,Ricky Ponting,Batsman,30000000,Overseas
732,Riley Meredith,Bowler,10000000,Overseas
735,Rinku Singh,Batsman,5500000,Indian
737,Ripal Patel,All-Rounder,2000000,Indian
738,Rishabh Pant,Wicket Keeper,19000000,Indian
741,Rishi Dhawan,All-Rounder,5500000,Indian
743,Riyan Parag,All-Rounder,38000000,Indian
747,Robin Uthappa,Batsman,20000000,Indian
748,Romario Shepherd,All-Rounder,77500000,Overseas
749,Ronit More,Bowler,1000000,Indian
750,Ross Taylor,Batsman,20000000,Overseas
752,Rovman Powell,Batsman,28000000,Overseas
754,R.P.Singh,Bowler,3000000,Indian
755,Ruturaj Gaikwad,Batsman,2000000,Indian
756,Ryan McLaren,Bowler,3750000,Overseas
757,Ryan ten Doeschate,All-Rounder,10000000,Overseas
760,Sachin Baby,Batsman,2000000,Indian
761,Sachin Rana,Bowler,2000000,Indian
762,Sachithra Senanayake,All-Rounder,46875000,Overseas
763,Sagar Trivedi,All-Rounder,1000000,Indian
767,Sam Billings,Wicket Keeper,20000000,Overseas
769,Sam Curran,All-Rounder,55000000,Overseas
771,Samuel Badree,Bowler,5000000,Overseas
772,Bavanaka Sandeep,All-Rounder,2000000,Overseas
773,Sandeep Lamichhane,Bowler,2000000,Overseas
776,Sandeep Sharma,Bowler,5000000,Indian
777,Sandeep Warrier,Bowler,1000000,Indian
779,Sanjay Yadav,All-Rounder,5000000,Indian
781,Sanju Samson,Wicket Keeper,80000000,Indian
782,Sarabjit Ladda,Bowler,1000000,Indian
783,Sarfaraz Khan,All-Rounder,2000000,Indian
785,Naushad Khan,All-Rounder,2500000,Indian
786,Saurabh Dubey,Bowler,2000000,Indian
788,Saurabh Kumar,All-Rounder,2000000,Indian
792,Saurabh Tiwary,Batsman,5000000,Indian
794,Sayan Ghosh,Bowler,2000000,Indian
795,Sayan Mondal,All-Rounder,1000000,Indian
796,Scott Boland,Bowler,5000000,Overseas
798,Sean Abbott,Bowler,24000000,Overseas
800,Shadab Jakati,All-Rounder,2000000,Indian
802,Shahbaz Ahmed,All-Rounder,24000000,Indian
805,Shahbaz Nadeem,Bowler,5000000,Indian
807,Shahrukh Khan,All-Rounder,90000000,Indian
810,Shakib Al Hasan,All-Rounder,32000000,Overseas
812,Shane Watson,All-Rounder,40000000,Overseas
813,Sharad Lumba,Batsman,2000000,Indian
816,Shardul Thakur,Bowler,107500000,Indian
819,Shashank Singh,All-Rounder,2000000,Indian
820,Shaun Marsh,Batsman,22000000,Overseas
821,Sheldon Cottrell,Bowler,85000000,Overseas
824,Sheldon Jackson,Wicket Keeper,6000000,Indian
825,Shelley Shaurya,Bowler,1000000,Indian
827,Sherfane Rutherford,All-Rounder,10000000,Overseas
829,Shikhar Dhawan,Batsman,82500000,Indian
832,Shimron Hetmyer,Batsman,85000000,Overseas
833,Shishir Bhavane,Batsman,1000000,Indian
836,Shivam Dube,All-Rounder,40000000,Indian
838,Shivam Mavi,All-Rounder,72500000,Indian
839,Shivam Sharma,Bowler,1000000,Indian
840,Shivil Kaushik,Bowler,1000000,Indian
841,Shreevats Goswami,Wicket Keeper,10000000,Indian
844,Shreyas Gopal,Bowler,7500000,Indian
846,Shreyas Iyer,Batsman,122500000,Indian
847,Shrikant Munde,All-Rounder,2000000,Indian
848,Shubham Agarwal,All-Rounder,1000000,Indian
849,Shubham Garhwal,All-Rounder,2000000,Indian
850,Shubham Ranjane,All-Rounder,2000000,Indian
851,Shubman Gill,Batsman,18000000,Indian
854,Siddarth Kaul,Bowler,38000000,Indian
855,Siddarth Kaul,Bowler,7500000,Indian
857,Siddhesh Lad,Batsman,2000000,Indian
858,Simarjeet Singh,Bowler,2000000,Indian
859,Srikkanth Anirudha,Batsman,2000000,Indian
861,Steven Smith,Batsman,22000000,Overseas
863,Stuart Binny,All-Rounder,5000000,Indian
864,Subhranshu Senapati,Batsman,2000000,Indian
865,S Badrinath,Batsman,3000000,Indian
866,Sudeep Tyagi,Bowler,7500000,Indian
867,Sumit Narwal,All-Rounder,1000000,Indian
869,Suryakumar Yadav,Batsman,32000000,Indian
870,Sushant Marathe,Wicket Keeper,1000000,Indian
871,Suyash Prabhudessai,All-Rounder,2000000,Indian
872,Suyash Prabhudessai,All-Rounder,3000000,Indian
873,Swapnil Singh,All-Rounder,1000000,Indian
876,Khaleel Ahmed,Bowler,52500000,Indian
877,Mehdi Hassan,All-Rounder,2000000,Indian
879,T Natarajan,Bowler,4000000,Indian
880,T Natarajan,Bowler,40000000,Indian
882,Tajinder Singh,All-Rounder,2000000,Indian
884,Tanmay Agarwal,Batsman,2000000,Indian
885,Tanmay Mishra,Batsman,1000000,Indian
886,Tejas Baroka,Bowler,2000000,Indian
887,Tejas Singh Baroka,Bowler,1000000,Indian
890,Thisara Perera,All-Rounder,10000000,Overseas
891,Tim David,All-Rounder,82500000,Overseas
892,Tim Seifert,Wicket Keeper,5000000,Overseas
896,Tim Southee,Bowler,15000000,Overseas
897,Tirumalasetti Suman,Batsman,1000000,Indian
898,Tom Banton,Batsman,10000000,Overseas
900,Tom Curran,All-Rounder,52500000,Overseas
902,Travis Head,Batsman,5000000,Overseas
906,Trent Boult,Bowler,80000000,Overseas
908,Tushar Deshpande,Bowler,2000000,Indian
910,Tymal Mills,Bowler,15000000,Overseas
911,Umang Sharma,Batsman,1000000,Indian
915,Umesh Yadav,Bowler,20000000,Indian
916,Unmukt Chand,Batsman,6500000,Indian
917,Utkarsh Singh,All-Rounder,2000000,Indian
919,Vaibhav Arora,Bowler,20000000,Indian
920,Vaibhav Rawal,All-Rounder,1000000,Indian
924,Varun Aaron,Bowler,5000000,Indian
926,Varun Chakravarthy,All-Rounder,40000000,Indian
927,Veer Pratap Singh,Bowler,4000000,Indian
928,Venkatesh Iyer,All-Rounder,2000000,Indian
929,Venugopal Rao,Batsman,5500000,Indian
930,Vicky Ostwal,All-Rounder,2000000,Indian
934,Vijay Shankar,All-Rounder,14000000,Indian
935,Vijay Zol,Batsman,3000000,Indian
936,Vikas Tokas,Bowler,1000000,Indian
938,Vikramjeet Malik,Bowler,2000000,Indian
939,Virat Singh,Batsman,19000000,Indian
940,Virender Sehwag,Batsman,32000000,Indian
942,Vishnu Vinod,Wicket Keeper,5000000,Indian
943,Wanindu Hasaranga,All-Rounder,107500000,Overseas
944,Washington Sundar,All-Rounder,87500000,Indian
945,Wayne Parnell,Bowler,10000000,Overseas
949,Wriddhiman Saha,Wicket Keeper,19000000,Indian
950,Writtick Chatterjee,All-Rounder,2000000,Indian
951,Yash Dayal,Bowler,32000000,Indian
952,Yash Dhull,All-Rounder,5000000,Indian
953,Yashasvi Jaiswal,All-Rounder,24000000,Indian
954,Yogesh Golwalkar,All-Rounder,1000000,Indian
955,Yogesh Takawale,Wicket Keeper,1000000,Indian
956,Yudhvir Singh,All-Rounder,2000000,Indian
958,Yusuf Pathan,All-Rounder,19000000,Indian
963,Yuvraj Singh,All-Rounder,10000000,Indian
964,Yuzvendra Chahal,Bowler,65000000,Indian
966,Yuzvendra Chahal,Bowler,60000000,Indian
968,Zaheer Khan,Bowler,40000000,Indian
969,Zahir Khan,Bowler,6000000,Indian
970,Virat Kohli,Batsman,150000000,Indian
